size,bubble,quick,merge,heap
100,0.0002560100000010834,0.00020378600000015012,0.00011008199999906765,9.577299999818933e-05
300,0.0023378340000022035,0.000478188999998963,0.0044325989999975945,0.0003788960000008501
600,0.013325610000002541,0.0006934799999953611,0.0008180120000034208,0.000989457999999388
1000,0.03394860399999544,0.001425118000000225,0.0014965990000064266,0.0016348169999957918
1500,0.08040689300000281,0.0024756549999978006,0.002257167999999865,0.002720374999995556
2200,0.17307141799999926,0.003179083999995669,0.0032684210000013536,0.0041768230000016615
3000,0.3505660209999988,0.026236187000002076,0.005045916999996791,0.0059921249999987936
